<Uninstall>
    <Version versionnum="1.0"/>
    <Files>
        <Dir path="C:\Users\杜开浩\AppData\Roaming"/>
        <Dir path="C:\Users\杜开浩\AppData\Roaming\Tencent"/>
        <Dir path="C:\Users\杜开浩\AppData\Roaming\Tencent\TIM"/>
        <Dir path="C:\Users\杜开浩\AppData\Roaming\Tencent\TIM\Misc"/>
        <Dir path="C:\Users\杜开浩\AppData\Roaming\Tencent\TIM\Misc\ClientType"/>
        <Dir path="C:\Users\杜开浩\AppData\Roaming\Tencent\TIM\SafeBase"/>
        <Dir path="C:\Users\杜开浩\AppData\Roaming\Tencent\TIM\Skins"/>
        <Dir path="C:\Users\杜开浩\AppData\Roaming\Tencent\TIM\Skins\system"/>
        <Dir path="C:\Users\杜开浩\AppData\Roaming\Tencent\TIM\Skins\system\1.45_16"/>
        <Dir path="C:\Users\杜开浩\AppData\Roaming\Tencent\TIM\Skins\system\1.45_17"/>
        <Dir path="C:\Users\杜开浩\AppData\Roaming\Tencent\TIM\Skins\system\1.45_18"/>
        <Dir path="C:\Users\杜开浩\AppData\Roaming\Tencent\TIM\Skins\system\1.45_19"/>
        <Dir path="C:\Users\杜开浩\AppData\Roaming\Tencent\TIM\Skins\system\1.45_20"/>
        <Dir path="C:\Users\杜开浩\AppData\Roaming\Tencent\TIM\Skins\system\1.45_21"/>
        <Dir path="C:\Users\杜开浩\AppData\Roaming\Tencent\TIM\Skins\system\1.45_22"/>
        <Dir path="C:\Users\杜开浩\AppData\Roaming\Tencent\TIM\Skins\system\1.45_23"/>
        <Dir path="C:\Users\杜开浩\AppData\Roaming\Tencent\TIM\Skins\system\1.45_24"/>
        <Dir path="C:\Users\杜开浩\AppData\Roaming\Tencent\TIM\Skins\system\1.45_25"/>
        <Dir path="C:\Users\杜开浩\AppData\Roaming\Tencent\TIM\Skins\system\1.45_26"/>
        <Dir path="C:\Users\杜开浩\AppData\Roaming\Tencent\TIM\Skins\system\1.45_27"/>
        <Dir path="C:\Users\杜开浩\AppData\Roaming\Tencent\TIM\Skins\system\1.45_28"/>
        <Dir path="C:\Users\杜开浩\AppData\Roaming\Tencent\TIM\Skins\system\1.45_29"/>
        <Dir path="C:\Users\杜开浩\AppData\Roaming\Tencent\TIM\TIMApp"/>
        <Dir path="C:\Users\杜开浩\AppData\Roaming\Tencent\TIM\TIMApp\100001"/>
        <Dir path="D:\"/>
        <Dir path="D:\\AuI18N"/>
        <Dir path="D:\\AuI18N\2052"/>
        <Dir path="D:\\Bin"/>
        <Dir path="D:\\Bin\LICENSE"/>
        <Dir path="D:\\Bin\locales"/>
        <Dir path="D:\\Bin\plugins"/>
        <Dir path="D:\\I18N"/>
        <Dir path="D:\\I18N\2052"/>
        <Dir path="D:\\Misc"/>
        <Dir path="D:\\Misc\BrSelfExp"/>
        <Dir path="D:\\Misc\BrSelfExp\2052"/>
        <Dir path="D:\\Misc\CSC"/>
        <Dir path="D:\\Misc\CSC\2052"/>
        <Dir path="D:\\Misc\CSC\2052\1"/>
        <Dir path="D:\\Misc\CSC\2052\10"/>
        <Dir path="D:\\Misc\CSC\2052\11"/>
        <Dir path="D:\\Misc\CSC\2052\13"/>
        <Dir path="D:\\Misc\CSC\2052\14"/>
        <Dir path="D:\\Misc\CSC\2052\15"/>
        <Dir path="D:\\Misc\CSC\2052\17"/>
        <Dir path="D:\\Misc\CSC\2052\18"/>
        <Dir path="D:\\Misc\CSC\2052\2"/>
        <Dir path="D:\\Misc\CSC\2052\3"/>
        <Dir path="D:\\Misc\CSC\2052\4"/>
        <Dir path="D:\\Misc\CSC\2052\5"/>
        <Dir path="D:\\Misc\CSC\2052\7"/>
        <Dir path="D:\\Misc\CSC\2052\8"/>
        <Dir path="D:\\Misc\CSC\2052\9"/>
        <Dir path="D:\\Misc\Editor"/>
        <Dir path="D:\\Misc\Editor\css"/>
        <Dir path="D:\\Misc\Editor\html"/>
        <Dir path="D:\\Misc\Editor\html\css"/>
        <Dir path="D:\\Misc\Editor\images"/>
        <Dir path="D:\\Misc\Editor\images\newicon"/>
        <Dir path="D:\\Misc\Editor\release"/>
        <Dir path="D:\\Misc\LNNEsc"/>
        <Dir path="D:\\Misc\LNNEsc\defaultTips"/>
        <Dir path="D:\\Misc\QQApp"/>
        <Dir path="D:\\Misc\QScan"/>
        <Dir path="D:\\Misc\ResSwf"/>
        <Dir path="D:\\Misc\Sound"/>
        <Dir path="D:\\Misc\Sound\Classic"/>
        <Dir path="D:\\Misc\WordData"/>
        <Dir path="D:\\Plugin"/>
        <Dir path="D:\\Plugin\Com.Tencent.AudioVideo"/>
        <Dir path="D:\\Plugin\Com.Tencent.AudioVideo\bin"/>
        <Dir path="D:\\Plugin\Com.Tencent.AudioVideo\Misc"/>
        <Dir path="D:\\Plugin\Com.Tencent.CRM"/>
        <Dir path="D:\\Plugin\Com.Tencent.CRM\Bin"/>
        <Dir path="D:\\Plugin\Com.Tencent.CRM\Misc"/>
        <Dir path="D:\\Plugin\Com.Tencent.CRM\Misc\html_template"/>
        <Dir path="D:\\Plugin\Com.Tencent.CRM\Misc\html_template\img"/>
        <Dir path="D:\\Plugin\Com.Tencent.DingDong"/>
        <Dir path="D:\\Plugin\Com.Tencent.DingDong\Bin"/>
        <Dir path="D:\\Plugin\Com.Tencent.FileCloud"/>
        <Dir path="D:\\Plugin\Com.Tencent.FileCloud\Bin"/>
        <Dir path="D:\\Plugin\Com.Tencent.FileTransfer"/>
        <Dir path="D:\\Plugin\Com.Tencent.FileTransfer\Bin"/>
        <Dir path="D:\\Plugin\Com.Tencent.Graffito"/>
        <Dir path="D:\\Plugin\Com.Tencent.Graffito\Bin"/>
        <Dir path="D:\\Plugin\Com.Tencent.HRTX"/>
        <Dir path="D:\\Plugin\Com.Tencent.HRTX\Bin"/>
        <Dir path="D:\\Plugin\Com.Tencent.HRTX\Misc"/>
        <Dir path="D:\\Plugin\Com.Tencent.HRTX\Misc\html_template"/>
        <Dir path="D:\\Plugin\Com.Tencent.IOT"/>
        <Dir path="D:\\Plugin\Com.Tencent.IOT\Bin"/>
        <Dir path="D:\\Plugin\Com.Tencent.IOT\Misc"/>
        <Dir path="D:\\Plugin\Com.Tencent.Mail"/>
        <Dir path="D:\\Plugin\Com.Tencent.Mail\Bin"/>
        <Dir path="D:\\Plugin\Com.Tencent.NetDisk"/>
        <Dir path="D:\\Plugin\Com.Tencent.NetDisk\Bin"/>
        <Dir path="D:\\Plugin\Com.Tencent.NetDisk\Bin\QQDisk"/>
        <Dir path="D:\\Plugin\Com.Tencent.NetDisk\Bin\QQDisk\Bin"/>
        <Dir path="D:\\Plugin\Com.Tencent.PayCenter"/>
        <Dir path="D:\\Plugin\Com.Tencent.PayCenter\Bin"/>
        <Dir path="D:\\Plugin\Com.Tencent.QQMusic"/>
        <Dir path="D:\\Plugin\Com.Tencent.QQMusic\Bin"/>
        <Dir path="D:\\Plugin\Com.Tencent.QQRing"/>
        <Dir path="D:\\Plugin\Com.Tencent.QQRing\Bin"/>
        <Dir path="D:\\Plugin\Com.Tencent.QQVip"/>
        <Dir path="D:\\Plugin\Com.Tencent.QQVip\Bin"/>
        <Dir path="D:\\Plugin\Com.Tencent.QQVip\Misc"/>
        <Dir path="D:\\Plugin\Com.Tencent.QQVip\Misc\CustomFont"/>
        <Dir path="D:\\Plugin\Com.Tencent.QQVip\Misc\CustomFont\101"/>
        <Dir path="D:\\Plugin\Com.Tencent.QQVip\Misc\CustomFont\102"/>
        <Dir path="D:\\Plugin\Com.Tencent.QQVip\Misc\CustomFont\103"/>
        <Dir path="D:\\Plugin\Com.Tencent.QQVip\Misc\CustomFont\104"/>
        <Dir path="D:\\Plugin\Com.Tencent.QQVip\Misc\supervip"/>
        <Dir path="D:\\Plugin\Com.Tencent.Qzone"/>
        <Dir path="D:\\Plugin\Com.Tencent.Qzone\Bin"/>
        <Dir path="D:\\Plugin\Com.Tencent.Qzone\FlashPlayer"/>
        <Dir path="D:\\Plugin\Com.Tencent.Qzone\FlashPlayer\I18N"/>
        <Dir path="D:\\Plugin\Com.Tencent.Qzone\FlashPlayer\I18N\2052"/>
        <Dir path="D:\\Plugin\Com.Tencent.Qzone\Misc"/>
        <Dir path="D:\\Plugin\Com.Tencent.Qzone\Misc\qzonepackage"/>
        <Dir path="D:\\Plugin\Com.Tencent.RemoteControl"/>
        <Dir path="D:\\Plugin\Com.Tencent.RemoteControl\Bin"/>
        <Dir path="D:\\Plugin\Com.Tencent.RemoteHelp"/>
        <Dir path="D:\\Plugin\Com.Tencent.RemoteHelp\Bin"/>
        <Dir path="D:\\Plugin\Com.Tencent.RemoteHelp\Misc"/>
        <Dir path="D:\\Plugin\Com.Tencent.SNSApp"/>
        <Dir path="D:\\Plugin\Com.Tencent.SNSApp\Bin"/>
        <Dir path="D:\\Plugin\Com.Tencent.Soso"/>
        <Dir path="D:\\Plugin\Com.Tencent.Soso\Bin"/>
        <Dir path="D:\\Plugin\Com.Tencent.Soso\Misc"/>
        <Dir path="D:\\Plugin\Com.Tencent.Soso\Misc\HotWord"/>
        <Dir path="D:\\Plugin\Com.Tencent.VAS"/>
        <Dir path="D:\\Plugin\Com.Tencent.VAS\bin"/>
        <Dir path="D:\\Plugin\Com.Tencent.Winks"/>
        <Dir path="D:\\Plugin\Com.Tencent.Winks\bin"/>
        <Dir path="D:\\Plugin\Com.Tencent.Wireless"/>
        <Dir path="D:\\Plugin\Com.Tencent.Wireless\Bin"/>
        <Dir path="D:\\Resource.3.0.0.21315"/>
        <Dir path="D:\\Resource.3.0.0.21315\Themes"/>
        <Dir path="D:\\ShellExt"/>
        <File path="D:\\Plugin\Com.Tencent.IOT\Misc\.gitignore"/>
        <File path="C:\Users\杜开浩\AppData\Roaming\Tencent\TIM\Misc\ClientType\3GMobileQQ10.png"/>
        <File path="C:\Users\杜开浩\AppData\Roaming\Tencent\TIM\Misc\ClientType\3GMobileQQ14.png"/>
        <File path="C:\Users\杜开浩\AppData\Roaming\Tencent\TIM\Misc\ClientType\3GMobileQQ20.png"/>
        <File path="C:\Users\杜开浩\AppData\Roaming\Tencent\TIM\Misc\ClientType\3GMobileQQAway10.png"/>
        <File path="C:\Users\杜开浩\AppData\Roaming\Tencent\TIM\Misc\ClientType\3GMobileQQAway20.png"/>
        <File path="C:\Users\杜开浩\AppData\Roaming\Tencent\TIM\Misc\ClientType\iPhoneQQ10.png"/>
        <File path="C:\Users\杜开浩\AppData\Roaming\Tencent\TIM\Misc\ClientType\iPhoneQQ14.png"/>
        <File path="C:\Users\杜开浩\AppData\Roaming\Tencent\TIM\Misc\ClientType\iPhoneQQ20.png"/>
        <File path="C:\Users\杜开浩\AppData\Roaming\Tencent\TIM\Misc\ClientType\iPhoneQQPush10.png"/>
        <File path="C:\Users\杜开浩\AppData\Roaming\Tencent\TIM\Misc\ClientType\iPhoneQQPush20.png"/>
        <File path="C:\Users\杜开浩\AppData\Roaming\Tencent\TIM\Misc\ClientType\MobileQQ10.png"/>
        <File path="C:\Users\杜开浩\AppData\Roaming\Tencent\TIM\Misc\ClientType\MobileQQ13.png"/>
        <File path="C:\Users\杜开浩\AppData\Roaming\Tencent\TIM\Misc\ClientType\MobileQQ14.png"/>
        <File path="C:\Users\杜开浩\AppData\Roaming\Tencent\TIM\Misc\ClientType\MobileQQ20.png"/>
        <File path="C:\Users\杜开浩\AppData\Roaming\Tencent\TIM\Misc\ClientType\MobileQQAway20.png"/>
        <File path="C:\Users\杜开浩\AppData\Roaming\Tencent\TIM\Misc\ClientType\MobileQQBusy20.png"/>
        <File path="C:\Users\杜开浩\AppData\Roaming\Tencent\TIM\Misc\ClientType\MobileQQPush10.png"/>
        <File path="C:\Users\杜开浩\AppData\Roaming\Tencent\TIM\Misc\ClientType\MobileQQPush13.png"/>
        <File path="C:\Users\杜开浩\AppData\Roaming\Tencent\TIM\Misc\ClientType\MobileQQPush20.png"/>
        <File path="C:\Users\杜开浩\AppData\Roaming\Tencent\TIM\Misc\ClientType\MQQ10.png"/>
        <File path="C:\Users\杜开浩\AppData\Roaming\Tencent\TIM\Misc\ClientType\MQQ14.png"/>
        <File path="C:\Users\杜开浩\AppData\Roaming\Tencent\TIM\Misc\ClientType\MQQ20.png"/>
        <File path="C:\Users\杜开浩\AppData\Roaming\Tencent\TIM\Misc\ClientType\PadQQ10.png"/>
        <File path="C:\Users\杜开浩\AppData\Roaming\Tencent\TIM\Misc\ClientType\PadQQ14.png"/>
        <File path="C:\Users\杜开浩\AppData\Roaming\Tencent\TIM\Misc\ClientType\PadQQ20.png"/>
        <File path="C:\Users\杜开浩\AppData\Roaming\Tencent\TIM\Misc\ClientType\PadQQAway10.png"/>
        <File path="C:\Users\杜开浩\AppData\Roaming\Tencent\TIM\Misc\ClientType\PadQQAway20.png"/>
        <File path="C:\Users\杜开浩\AppData\Roaming\Tencent\TIM\Misc\ClientType\PCQQaway10.png"/>
        <File path="C:\Users\杜开浩\AppData\Roaming\Tencent\TIM\Misc\ClientType\PCQQAway20.png"/>
        <File path="C:\Users\杜开浩\AppData\Roaming\Tencent\TIM\Misc\ClientType\PCQQBusy10.png"/>
        <File path="C:\Users\杜开浩\AppData\Roaming\Tencent\TIM\Misc\ClientType\PCQQBusy20.png"/>
        <File path="C:\Users\杜开浩\AppData\Roaming\Tencent\TIM\Misc\ClientType\PCQQInvisible10.png"/>
        <File path="C:\Users\杜开浩\AppData\Roaming\Tencent\TIM\Misc\ClientType\PCQQInvisible20.png"/>
        <File path="C:\Users\杜开浩\AppData\Roaming\Tencent\TIM\Misc\ClientType\PCQQMute10.png"/>
        <File path="C:\Users\杜开浩\AppData\Roaming\Tencent\TIM\Misc\ClientType\PCQQMute20.png"/>
        <File path="C:\Users\杜开浩\AppData\Roaming\Tencent\TIM\Misc\ClientType\PCQQQme10.png"/>
        <File path="C:\Users\杜开浩\AppData\Roaming\Tencent\TIM\Misc\ClientType\PCQQQme20.png"/>
        <File path="C:\Users\杜开浩\AppData\Roaming\Tencent\TIM\Misc\ClientType\TIMQQ10.png"/>
        <File path="C:\Users\杜开浩\AppData\Roaming\Tencent\TIM\Misc\ClientType\TIMQQ14.png"/>
        <File path="C:\Users\杜开浩\AppData\Roaming\Tencent\TIM\Misc\ClientType\TIMQQ20.png"/>
        <File path="C:\Users\杜开浩\AppData\Roaming\Tencent\TIM\Misc\ClientType\TIMQQPush10.png"/>
        <File path="C:\Users\杜开浩\AppData\Roaming\Tencent\TIM\Misc\ClientType\TIMQQPush14.png"/>
        <File path="C:\Users\杜开浩\AppData\Roaming\Tencent\TIM\Misc\ClientType\TIMQQPush20.png"/>
        <File path="C:\Users\杜开浩\AppData\Roaming\Tencent\TIM\Misc\ClientType\TVQQ10.png"/>
        <File path="C:\Users\杜开浩\AppData\Roaming\Tencent\TIM\Misc\ClientType\TVQQ14.png"/>
        <File path="C:\Users\杜开浩\AppData\Roaming\Tencent\TIM\Misc\ClientType\TVQQ20.png"/>
        <File path="C:\Users\杜开浩\AppData\Roaming\Tencent\TIM\Misc\ClientType\WapMobileQQ10.png"/>
        <File path="C:\Users\杜开浩\AppData\Roaming\Tencent\TIM\Misc\ClientType\WapMobileQQ20.png"/>
        <File path="C:\Users\杜开浩\AppData\Roaming\Tencent\TIM\Misc\ClientType\WebQQ10.png"/>
        <File path="C:\Users\杜开浩\AppData\Roaming\Tencent\TIM\Misc\ClientType\WebQQ14.png"/>
        <File path="C:\Users\杜开浩\AppData\Roaming\Tencent\TIM\Misc\ClientType\WebQQ20.png"/>
        <File path="C:\Users\杜开浩\AppData\Roaming\Tencent\TIM\Misc\ClientType\WebQQAway10.png"/>
        <File path="C:\Users\杜开浩\AppData\Roaming\Tencent\TIM\Misc\ClientType\WebQQAway20.png"/>
        <File path="C:\Users\杜开浩\AppData\Roaming\Tencent\TIM\Misc\ClientType\WebQQBusy20.png"/>
        <File path="C:\Users\杜开浩\AppData\Roaming\Tencent\TIM\Misc\ClientType\WebQQMute20.png"/>
        <File path="C:\Users\杜开浩\AppData\Roaming\Tencent\TIM\Misc\ClientType\WebQQQme20.png"/>
        <File path="C:\Users\杜开浩\AppData\Roaming\Tencent\TIM\Misc\ClientType\WeiXin10.png"/>
        <File path="C:\Users\杜开浩\AppData\Roaming\Tencent\TIM\Misc\ClientType\WeiXin14.png"/>
        <File path="C:\Users\杜开浩\AppData\Roaming\Tencent\TIM\Misc\ClientType\WeiXin20.png"/>
        <File path="C:\Users\杜开浩\AppData\Roaming\Tencent\TIM\Misc\ClientType\WeiXinPush10.png"/>
        <File path="C:\Users\杜开浩\AppData\Roaming\Tencent\TIM\Misc\ClientType\WeiXinPush20.png"/>
        <File path="C:\Users\杜开浩\AppData\Roaming\Tencent\TIM\Misc\ClientType\Win8QQ10.png"/>
        <File path="C:\Users\杜开浩\AppData\Roaming\Tencent\TIM\Misc\ClientType\Win8QQ20.png"/>
        <File path="C:\Users\杜开浩\AppData\Roaming\Tencent\TIM\SafeBase\QQSafeUD.exe"/>
        <File path="C:\Users\杜开浩\AppData\Roaming\Tencent\TIM\SafeBase\TSSafeEdit.dat"/>
        <File path="C:\Users\杜开浩\AppData\Roaming\Tencent\TIM\Skins\system\1.45_16\main.jpg"/>
        <File path="C:\Users\杜开浩\AppData\Roaming\Tencent\TIM\Skins\system\1.45_16\preview.png"/>
        <File path="C:\Users\杜开浩\AppData\Roaming\Tencent\TIM\Skins\system\1.45_16\themeconfig.xml"/>
        <File path="C:\Users\杜开浩\AppData\Roaming\Tencent\TIM\Skins\system\1.45_17\main.jpg"/>
        <File path="C:\Users\杜开浩\AppData\Roaming\Tencent\TIM\Skins\system\1.45_17\preview.png"/>
        <File path="C:\Users\杜开浩\AppData\Roaming\Tencent\TIM\Skins\system\1.45_17\themeconfig.xml"/>
        <File path="C:\Users\杜开浩\AppData\Roaming\Tencent\TIM\Skins\system\1.45_18\main.jpg"/>
        <File path="C:\Users\杜开浩\AppData\Roaming\Tencent\TIM\Skins\system\1.45_18\preview.png"/>
        <File path="C:\Users\杜开浩\AppData\Roaming\Tencent\TIM\Skins\system\1.45_18\themeconfig.xml"/>
        <File path="C:\Users\杜开浩\AppData\Roaming\Tencent\TIM\Skins\system\1.45_19\main.jpg"/>
        <File path="C:\Users\杜开浩\AppData\Roaming\Tencent\TIM\Skins\system\1.45_19\preview.png"/>
        <File path="C:\Users\杜开浩\AppData\Roaming\Tencent\TIM\Skins\system\1.45_19\themeconfig.xml"/>
        <File path="C:\Users\杜开浩\AppData\Roaming\Tencent\TIM\Skins\system\1.45_20\main.jpg"/>
        <File path="C:\Users\杜开浩\AppData\Roaming\Tencent\TIM\Skins\system\1.45_20\preview.png"/>
        <File path="C:\Users\杜开浩\AppData\Roaming\Tencent\TIM\Skins\system\1.45_20\themeconfig.xml"/>
        <File path="C:\Users\杜开浩\AppData\Roaming\Tencent\TIM\Skins\system\1.45_21\main.jpg"/>
        <File path="C:\Users\杜开浩\AppData\Roaming\Tencent\TIM\Skins\system\1.45_21\preview.png"/>
        <File path="C:\Users\杜开浩\AppData\Roaming\Tencent\TIM\Skins\system\1.45_21\themeconfig.xml"/>
        <File path="C:\Users\杜开浩\AppData\Roaming\Tencent\TIM\Skins\system\1.45_22\main.jpg"/>
        <File path="C:\Users\杜开浩\AppData\Roaming\Tencent\TIM\Skins\system\1.45_22\preview.png"/>
        <File path="C:\Users\杜开浩\AppData\Roaming\Tencent\TIM\Skins\system\1.45_22\themeconfig.xml"/>
        <File path="C:\Users\杜开浩\AppData\Roaming\Tencent\TIM\Skins\system\1.45_23\main.jpg"/>
        <File path="C:\Users\杜开浩\AppData\Roaming\Tencent\TIM\Skins\system\1.45_23\preview.png"/>
        <File path="C:\Users\杜开浩\AppData\Roaming\Tencent\TIM\Skins\system\1.45_23\themeconfig.xml"/>
        <File path="C:\Users\杜开浩\AppData\Roaming\Tencent\TIM\Skins\system\1.45_24\main.jpg"/>
        <File path="C:\Users\杜开浩\AppData\Roaming\Tencent\TIM\Skins\system\1.45_24\preview.png"/>
        <File path="C:\Users\杜开浩\AppData\Roaming\Tencent\TIM\Skins\system\1.45_24\themeconfig.xml"/>
        <File path="C:\Users\杜开浩\AppData\Roaming\Tencent\TIM\Skins\system\1.45_25\main.jpg"/>
        <File path="C:\Users\杜开浩\AppData\Roaming\Tencent\TIM\Skins\system\1.45_25\preview.png"/>
        <File path="C:\Users\杜开浩\AppData\Roaming\Tencent\TIM\Skins\system\1.45_25\themeconfig.xml"/>
        <File path="C:\Users\杜开浩\AppData\Roaming\Tencent\TIM\Skins\system\1.45_26\main.jpg"/>
        <File path="C:\Users\杜开浩\AppData\Roaming\Tencent\TIM\Skins\system\1.45_26\preview.png"/>
        <File path="C:\Users\杜开浩\AppData\Roaming\Tencent\TIM\Skins\system\1.45_26\themeconfig.xml"/>
        <File path="C:\Users\杜开浩\AppData\Roaming\Tencent\TIM\Skins\system\1.45_27\main.jpg"/>
        <File path="C:\Users\杜开浩\AppData\Roaming\Tencent\TIM\Skins\system\1.45_27\preview.png"/>
        <File path="C:\Users\杜开浩\AppData\Roaming\Tencent\TIM\Skins\system\1.45_27\themeconfig.xml"/>
        <File path="C:\Users\杜开浩\AppData\Roaming\Tencent\TIM\Skins\system\1.45_28\main.jpg"/>
        <File path="C:\Users\杜开浩\AppData\Roaming\Tencent\TIM\Skins\system\1.45_28\preview.png"/>
        <File path="C:\Users\杜开浩\AppData\Roaming\Tencent\TIM\Skins\system\1.45_28\themeconfig.xml"/>
        <File path="C:\Users\杜开浩\AppData\Roaming\Tencent\TIM\Skins\system\1.45_29\main.jpg"/>
        <File path="C:\Users\杜开浩\AppData\Roaming\Tencent\TIM\Skins\system\1.45_29\preview.png"/>
        <File path="C:\Users\杜开浩\AppData\Roaming\Tencent\TIM\Skins\system\1.45_29\themeconfig.xml"/>
        <File path="C:\Users\杜开浩\AppData\Roaming\Tencent\TIM\TIMApp\100001\100001.app"/>
        <File path="C:\Users\杜开浩\AppData\Roaming\Tencent\TIM\TIMApp\100001\appinfo.xml"/>
        <File path="C:\Users\杜开浩\AppData\Roaming\Tencent\TIM\TIMApp\100001\app_icon_16.png"/>
        <File path="C:\Users\杜开浩\AppData\Roaming\Tencent\TIM\TIMApp\100001\app_icon_40.png"/>
        <File path="D:\\AuI18N\2052\StringBundle.xml"/>
        <File path="D:\\AuI18N\config.xml"/>
        <File path="D:\\Bin\AddEmotion.htm"/>
        <File path="D:\\Bin\AddrSearch.dll"/>
        <File path="D:\\Bin\AdvVideoDev.dll"/>
        <File path="D:\\Bin\AFBase.dll"/>
        <File path="D:\\Bin\AFCtrl.dll"/>
        <File path="D:\\Bin\AFUtil.dll"/>
        <File path="D:\\Bin\AppCenter.dll"/>
        <File path="D:\\Bin\AppCom.dll"/>
        <File path="D:\\Bin\AppFramework.dll"/>
        <File path="D:\\Bin\Applaunch.prf"/>
        <File path="D:\\Bin\AppMisc.dll"/>
        <File path="D:\\Bin\AppUtil.dll"/>
        <File path="D:\\Bin\ark.dll"/>
        <File path="D:\\Bin\arkFS.dll"/>
        <File path="D:\\Bin\arkGraphic.dll"/>
        <File path="D:\\Bin\arkHTTPClient.dll"/>
        <File path="D:\\Bin\arkImage.dll"/>
        <File path="D:\\Bin\arkIOStub.dll"/>
        <File path="D:\\Bin\arkIPC.dll"/>
        <File path="D:\\Bin\arkSocket.dll"/>
        <File path="D:\\Bin\arkXML.dll"/>
        <File path="D:\\Bin\AsyncTask.dll"/>
        <File path="D:\\Bin\auclt.exe"/>
        <File path="D:\\Bin\AuCommon.dll"/>
        <File path="D:\\Bin\Auvqqsdl.dll"/>
        <File path="D:\\Bin\Camera.dll"/>
        <File path="D:\\Bin\CameraRS.dll"/>
        <File path="D:\\Bin\CefSubProcess.dll"/>
        <File path="D:\\Bin\ChatFrameApp.dll"/>
        <File path="D:\\Bin\Common.dll"/>
        <File path="D:\\Bin\ConfigCenter.dll"/>
        <File path="D:\\Bin\ContactInfoFrame.dll"/>
        <File path="D:\\Bin\ContactMgr.dll"/>
        <File path="D:\\Bin\CPHelper.dll"/>
        <File path="D:\\Bin\CustomFace.dll"/>
        <File path="D:\\Bin\DownloadProxyPS.dll"/>
        <File path="D:\\Bin\dwmcapDT32.dll"/>
        <File path="D:\\Bin\dwmcapDT64.dll"/>
        <File path="D:\\Bin\Extract.dll"/>
        <File path="D:\\Bin\FacePackageDll.dll"/>
        <File path="D:\\Bin\ffmpegsumo.dll"/>
        <File path="D:\\Bin\FirstLoad.dll"/>
        <File path="D:\\Bin\FlashControl.dll"/>
        <File path="D:\\Bin\FlashControlService.dll"/>
        <File path="D:\\Bin\GF.dll"/>
        <File path="D:\\Bin\GFRichControl.dll"/>
        <File path="D:\\Bin\GroupApp.dll"/>
        <File path="D:\\Bin\HummerEngine.dll"/>
        <File path="D:\\Bin\icudt46.dll"/>
        <File path="D:\\Bin\icudtl.dat"/>
        <File path="D:\\Bin\icuin46.dll"/>
        <File path="D:\\Bin\icuuc46.dll"/>
        <File path="D:\\Bin\IM.dll"/>
        <File path="D:\\Bin\InformationBox.dll"/>
        <File path="D:\\Bin\IntelUtil.dll"/>
        <File path="D:\\Bin\JavaScriptCore.dll"/>
        <File path="D:\\Bin\jsonc.dll"/>
        <File path="D:\\Bin\KernelMisc.dll"/>
        <File path="D:\\Bin\KernelUtil.dll"/>
        <File path="D:\\Bin\libcrypto-1_1.dll"/>
        <File path="D:\\Bin\libEGL.dll"/>
        <File path="D:\\Bin\libexpat.dll"/>
        <File path="D:\\Bin\libGLESv2.dll"/>
        <File path="D:\\Bin\libhttp.dll"/>
        <File path="D:\\Bin\libimagequant.dll"/>
        <File path="D:\\Bin\libjpegturbo.dll"/>
        <File path="D:\\Bin\libpng.dll"/>
        <File path="D:\\Bin\libssl-1_1.dll"/>
        <File path="D:\\Bin\libtcmalloc.dll"/>
        <File path="D:\\Bin\libuv.dll"/>
        <File path="D:\\Bin\LICENSE\bsdiff"/>
        <File path="D:\\Bin\LICENSE\chromium"/>
        <File path="D:\\Bin\LICENSE\dmg_fp"/>
        <File path="D:\\Bin\LICENSE\dynamic_annotations"/>
        <File path="D:\\Bin\LICENSE\google-url"/>
        <File path="D:\\Bin\LICENSE\icu"/>
        <File path="D:\\Bin\LICENSE\libvpx"/>
        <File path="D:\\Bin\LICENSE\lzma"/>
        <File path="D:\\Bin\LICENSE\modp_b64"/>
        <File path="D:\\Bin\LICENSE\pcre2"/>
        <File path="D:\\Bin\LICENSE\protobuf-lite"/>
        <File path="D:\\Bin\LICENSE\speex"/>
        <File path="D:\\Bin\LICENSE\xdg_user_dirs"/>
        <File path="D:\\Bin\locales\en-US.pak"/>
        <File path="D:\\Bin\locales\zh-CN.pak"/>
        <File path="D:\\Bin\LoginLogic.dll"/>
        <File path="D:\\Bin\LoginUI.dll"/>
        <File path="D:\\Bin\LongCnn.dll"/>
        <File path="D:\\Bin\lua.dll"/>
        <File path="D:\\Bin\MainFrame.dll"/>
        <File path="D:\\Bin\minibrowser.exe"/>
        <File path="D:\\Bin\minibrowser_shell.dll"/>
        <File path="D:\\Bin\MsgMgr.dll"/>
        <File path="D:\\Bin\msvcp60.dll"/>
        <File path="D:\\Bin\MyCollection.dll"/>
        <File path="D:\\Bin\natives_blob.bin"/>
        <File path="D:\\Bin\odProxy.dll"/>
        <File path="D:\\Bin\pcre2.dll"/>
        <File path="D:\\Bin\PluginCommon.dll"/>
        <File path="D:\\Bin\plugins\NPMsgImage.dll"/>
        <File path="D:\\Bin\plugins\NP_GFControl.dll"/>
        <File path="D:\\Bin\plugins\NP_RichControl.dll"/>
        <File path="D:\\Bin\PreloginLogic.dll"/>
        <File path="D:\\Bin\ProcessSession.dll"/>
        <File path="D:\\Bin\qb.pak"/>
        <File path="D:\\Bin\qbcore.dll"/>
        <File path="D:\\Bin\qb_100_percent.pak"/>
        <File path="D:\\Bin\qb_200_percent.pak"/>
        <File path="D:\\Bin\QCK.dll"/>
        <File path="D:\\Bin\QInterLive.dll"/>
        <File path="D:\\Bin\QPerfHelper.exe"/>
        <File path="D:\\Bin\QPerfMon.dll"/>
        <File path="D:\\Bin\QQExternal.exe"/>
        <File path="D:\\Bin\QQIPC.dll"/>
        <File path="D:\\Bin\QQPcmgrDownload.exe"/>
        <File path="D:\\Bin\QQSafeUD.exe"/>
        <File path="D:\\Bin\QQScLauncher.exe"/>
        <File path="D:\\Bin\QQService.dll"/>
        <File path="D:\\Bin\QQUrlMgr.exe"/>
        <File path="D:\\Bin\QScanEngine.dll"/>
        <File path="D:\\Bin\QSLogic.dll"/>
        <File path="D:\\Bin\RenderService.dll"/>
        <File path="D:\\Bin\RequestHost.dll"/>
        <File path="D:\\Bin\RHComm.dll"/>
        <File path="D:\\Bin\RichControlOle.dll"/>
        <File path="D:\\Bin\RICHED20.DLL"/>
        <File path="D:\\Bin\SkinMgr.dll"/>
        <File path="D:\\Bin\snapshot_blob.bin"/>
        <File path="D:\\Bin\sqlite.dll"/>
        <File path="D:\\Bin\StorageTool.exe"/>
        <File path="D:\\Bin\SystemMsg.dll"/>
        <File path="D:\\Bin\TaskTray.dll"/>
        <File path="D:\\Bin\TcHevcDec.dll"/>
        <File path="D:\\Bin\TcHevcEnc.dll"/>
        <File path="D:\\Bin\TcVpxDec.dll"/>
        <File path="D:\\Bin\TcVpxEnc.dll"/>
        <File path="D:\\Bin\Tencentdl.exe"/>
        <File path="D:\\Bin\TIM.exe"/>
        <File path="D:\\Bin\TIMApp.exe"/>
        <File path="D:\\Bin\Timsh.exe"/>
        <File path="D:\\Bin\TimshExt.dll"/>
        <File path="D:\\Bin\TimshExt64.dll"/>
        <File path="D:\\Bin\Timwp.dll"/>
        <File path="D:\\Bin\Timwp.exe"/>
        <File path="D:\\Bin\tinyxml.dll"/>
        <File path="D:\\Bin\TNProxy.dll"/>
        <File path="D:\\Bin\trpc_client.dll"/>
        <File path="D:\\Bin\TSIP.DAT"/>
        <File path="D:\\Bin\TSSafeEdit.dat"/>
        <File path="D:\\Bin\TxBugReport.exe"/>
        <File path="D:\\Bin\TXPFProxy.dll"/>
        <File path="D:\\Bin\TXPlatform.exe"/>
        <File path="D:\\Bin\UtilGif.dll"/>
        <File path="D:\\Bin\vi.dat"/>
        <File path="D:\\Bin\VQQProto.dll"/>
        <File path="D:\\Bin\vqqsdl.dll"/>
        <File path="D:\\Bin\VQQTrace.dll"/>
        <File path="D:\\Bin\WebCtrl.dll"/>
        <File path="D:\\Bin\WordSegment.dll"/>
        <File path="D:\\Bin\WTF.dll"/>
        <File path="D:\\Bin\XFQueryResource.dll"/>
        <File path="D:\\Bin\xGraphic32.dll"/>
        <File path="D:\\Bin\xImage.dll"/>
        <File path="D:\\Bin\xPlatform.dll"/>
        <File path="D:\\Bin\xplatform_dl.dll"/>
        <File path="D:\\Bin\XVEngine.dll"/>
        <File path="D:\\Bin\zlib.dll"/>
        <File path="D:\\common.xml.txd"/>
        <File path="D:\\config.xml.txd"/>
        <File path="D:\\gf-config-postlogin.xml"/>
        <File path="D:\\gf-config.xml"/>
        <File path="D:\\I18N\2052\DGM.dat"/>
        <File path="D:\\I18N\2052\FontList.xml"/>
        <File path="D:\\I18N\2052\GFStringBundle.xml"/>
        <File path="D:\\I18N\2052\GroupLayer.xml"/>
        <File path="D:\\I18N\2052\LangList.xml"/>
        <File path="D:\\I18N\2052\LocList.xml"/>
        <File path="D:\\I18N\2052\PGFStringBundle.xml"/>
        <File path="D:\\I18N\2052\StringBundle.xml"/>
        <File path="D:\\I18N\2052\tradelist.dat"/>
        <File path="D:\\I18N\2052\UrlBundle.xml.enc"/>
        <File path="D:\\I18N\config.xml"/>
        <File path="D:\\Misc\BrSelfExp\2052\expconfig.xml"/>
        <File path="D:\\Misc\CSC\2052\1\3"/>
        <File path="D:\\Misc\CSC\2052\1\5"/>
        <File path="D:\\Misc\CSC\2052\1\7"/>
        <File path="D:\\Misc\CSC\2052\10\1"/>
        <File path="D:\\Misc\CSC\2052\11\1"/>
        <File path="D:\\Misc\CSC\2052\13\1"/>
        <File path="D:\\Misc\CSC\2052\13\10"/>
        <File path="D:\\Misc\CSC\2052\13\11"/>
        <File path="D:\\Misc\CSC\2052\13\12"/>
        <File path="D:\\Misc\CSC\2052\13\13"/>
        <File path="D:\\Misc\CSC\2052\13\14"/>
        <File path="D:\\Misc\CSC\2052\13\15"/>
        <File path="D:\\Misc\CSC\2052\13\16"/>
        <File path="D:\\Misc\CSC\2052\13\18"/>
        <File path="D:\\Misc\CSC\2052\13\19"/>
        <File path="D:\\Misc\CSC\2052\13\2"/>
        <File path="D:\\Misc\CSC\2052\13\20"/>
        <File path="D:\\Misc\CSC\2052\13\21"/>
        <File path="D:\\Misc\CSC\2052\13\22"/>
        <File path="D:\\Misc\CSC\2052\13\23"/>
        <File path="D:\\Misc\CSC\2052\13\25"/>
        <File path="D:\\Misc\CSC\2052\13\28"/>
        <File path="D:\\Misc\CSC\2052\13\3"/>
        <File path="D:\\Misc\CSC\2052\13\4"/>
        <File path="D:\\Misc\CSC\2052\13\5"/>
        <File path="D:\\Misc\CSC\2052\13\7"/>
        <File path="D:\\Misc\CSC\2052\13\8"/>
        <File path="D:\\Misc\CSC\2052\14\10"/>
        <File path="D:\\Misc\CSC\2052\14\12"/>
        <File path="D:\\Misc\CSC\2052\14\15"/>
        <File path="D:\\Misc\CSC\2052\14\16"/>
        <File path="D:\\Misc\CSC\2052\14\17"/>
        <File path="D:\\Misc\CSC\2052\14\18"/>
        <File path="D:\\Misc\CSC\2052\14\3"/>
        <File path="D:\\Misc\CSC\2052\14\4"/>
        <File path="D:\\Misc\CSC\2052\14\5"/>
        <File path="D:\\Misc\CSC\2052\14\6"/>
        <File path="D:\\Misc\CSC\2052\14\7"/>
        <File path="D:\\Misc\CSC\2052\14\9"/>
        <File path="D:\\Misc\CSC\2052\15\1"/>
        <File path="D:\\Misc\CSC\2052\15\2"/>
        <File path="D:\\Misc\CSC\2052\17\1"/>
        <File path="D:\\Misc\CSC\2052\18\1"/>
        <File path="D:\\Misc\CSC\2052\2\1"/>
        <File path="D:\\Misc\CSC\2052\2\10"/>
        <File path="D:\\Misc\CSC\2052\2\11"/>
        <File path="D:\\Misc\CSC\2052\2\12"/>
        <File path="D:\\Misc\CSC\2052\2\13"/>
        <File path="D:\\Misc\CSC\2052\2\15"/>
        <File path="D:\\Misc\CSC\2052\2\16"/>
        <File path="D:\\Misc\CSC\2052\2\17"/>
        <File path="D:\\Misc\CSC\2052\2\18"/>
        <File path="D:\\Misc\CSC\2052\2\19"/>
        <File path="D:\\Misc\CSC\2052\2\2"/>
        <File path="D:\\Misc\CSC\2052\2\20"/>
        <File path="D:\\Misc\CSC\2052\2\21"/>
        <File path="D:\\Misc\CSC\2052\2\22"/>
        <File path="D:\\Misc\CSC\2052\2\23"/>
        <File path="D:\\Misc\CSC\2052\2\24"/>
        <File path="D:\\Misc\CSC\2052\2\3"/>
        <File path="D:\\Misc\CSC\2052\2\5"/>
        <File path="D:\\Misc\CSC\2052\2\6"/>
        <File path="D:\\Misc\CSC\2052\2\7"/>
        <File path="D:\\Misc\CSC\2052\2\8"/>
        <File path="D:\\Misc\CSC\2052\2\9"/>
        <File path="D:\\Misc\CSC\2052\3\1"/>
        <File path="D:\\Misc\CSC\2052\4\1"/>
        <File path="D:\\Misc\CSC\2052\5\1"/>
        <File path="D:\\Misc\CSC\2052\5\2"/>
        <File path="D:\\Misc\CSC\2052\5\4"/>
        <File path="D:\\Misc\CSC\2052\7\1"/>
        <File path="D:\\Misc\CSC\2052\7\10"/>
        <File path="D:\\Misc\CSC\2052\7\11"/>
        <File path="D:\\Misc\CSC\2052\7\13"/>
        <File path="D:\\Misc\CSC\2052\7\14"/>
        <File path="D:\\Misc\CSC\2052\7\15"/>
        <File path="D:\\Misc\CSC\2052\7\16"/>
        <File path="D:\\Misc\CSC\2052\7\17"/>
        <File path="D:\\Misc\CSC\2052\7\18"/>
        <File path="D:\\Misc\CSC\2052\7\2"/>
        <File path="D:\\Misc\CSC\2052\7\20"/>
        <File path="D:\\Misc\CSC\2052\7\21"/>
        <File path="D:\\Misc\CSC\2052\7\22"/>
        <File path="D:\\Misc\CSC\2052\7\23"/>
        <File path="D:\\Misc\CSC\2052\7\25"/>
        <File path="D:\\Misc\CSC\2052\7\26"/>
        <File path="D:\\Misc\CSC\2052\7\27"/>
        <File path="D:\\Misc\CSC\2052\7\28"/>
        <File path="D:\\Misc\CSC\2052\7\3"/>
        <File path="D:\\Misc\CSC\2052\7\5"/>
        <File path="D:\\Misc\CSC\2052\7\6"/>
        <File path="D:\\Misc\CSC\2052\8\1"/>
        <File path="D:\\Misc\CSC\2052\8\3"/>
        <File path="D:\\Misc\CSC\2052\8\4"/>
        <File path="D:\\Misc\CSC\2052\8\5"/>
        <File path="D:\\Misc\CSC\2052\8\6"/>
        <File path="D:\\Misc\CSC\2052\9\1"/>
        <File path="D:\\Misc\CSC\2052\9\10"/>
        <File path="D:\\Misc\CSC\2052\9\12"/>
        <File path="D:\\Misc\CSC\2052\9\15"/>
        <File path="D:\\Misc\CSC\2052\9\17"/>
        <File path="D:\\Misc\CSC\2052\9\18"/>
        <File path="D:\\Misc\CSC\2052\9\19"/>
        <File path="D:\\Misc\CSC\2052\9\21"/>
        <File path="D:\\Misc\CSC\2052\9\3"/>
        <File path="D:\\Misc\CSC\2052\9\4"/>
        <File path="D:\\Misc\CSC\2052\9\5"/>
        <File path="D:\\Misc\CSC\2052\9\6"/>
        <File path="D:\\Misc\CSC\2052\9\7"/>
        <File path="D:\\Misc\CSC\2052\9\8"/>
        <File path="D:\\Misc\CSC\2052\9\9"/>
        <File path="D:\\Misc\Editor\css\editor.css"/>
        <File path="D:\\Misc\Editor\html\css\comm.css"/>
        <File path="D:\\Misc\Editor\html\editor.html"/>
        <File path="D:\\Misc\Editor\images\newicon\arrow.png"/>
        <File path="D:\\Misc\Editor\images\ToolbarExt.png"/>
        <File path="D:\\Misc\Editor\images\Toolbar_d.png"/>
        <File path="D:\\Misc\Editor\images\Toolbar_h.png"/>
        <File path="D:\\Misc\Editor\images\Toolbar_n.png"/>
        <File path="D:\\Misc\Editor\release\editor.js"/>
        <File path="D:\\Misc\Editor\release\editor_menu.js"/>
        <File path="D:\\Misc\Editor\release\editor_toolbar.js"/>
        <File path="D:\\Misc\Editor\release\editor_toolbar_plus.js"/>
        <File path="D:\\Misc\InstallNews.xml"/>
        <File path="D:\\Misc\LNNEsc\defaultTips\tips.html"/>
        <File path="D:\\Misc\LNNEsc\defaultTips\Tips_I_back2.bmp"/>
        <File path="D:\\Misc\QQApp\com.tencent.applist.app"/>
        <File path="D:\\Misc\QQApp\com.tencent.banner.app"/>
        <File path="D:\\Misc\QQApp\com.tencent.map.app"/>
        <File path="D:\\Misc\QQApp\com.tencent.movieticket.app"/>
        <File path="D:\\Misc\QQApp\MetaAppConfig.xml"/>
        <File path="D:\\Misc\QScan\config.dat"/>
        <File path="D:\\Misc\QScan\QSLSig.dat"/>
        <File path="D:\\Misc\QScan\sig.dat"/>
        <File path="D:\\Misc\ResSwf\afternoon.swf"/>
        <File path="D:\\Misc\ResSwf\morning.swf"/>
        <File path="D:\\Misc\ResSwf\night.swf"/>
        <File path="D:\\Misc\ResSwf\noon.swf"/>
        <File path="D:\\Misc\Sound\Classic\Audio.wav"/>
        <File path="D:\\Misc\Sound\Classic\Global.wav"/>
        <File path="D:\\Misc\Sound\Classic\msg.wav"/>
        <File path="D:\\Misc\Sound\Classic\shake.wav"/>
        <File path="D:\\Misc\Sound\Classic\system.wav"/>
        <File path="D:\\Misc\Sound\Classic\tweet.wav"/>
        <File path="D:\\Misc\WordData\dict1"/>
        <File path="D:\\Misc\WordData\dict2"/>
        <File path="D:\\Misc\WordData\dict3"/>
        <File path="D:\\Misc\WordData\dict5"/>
        <File path="D:\\Misc\WordData\dict6"/>
        <File path="D:\\Misc\WordData\dict7"/>
        <File path="D:\\platform.tpc"/>
        <File path="D:\\Plugin\Com.Tencent.AudioVideo\bin\AsyncSpeechEngine.dll"/>
        <File path="D:\\Plugin\Com.Tencent.AudioVideo\bin\audioengine.dll"/>
        <File path="D:\\Plugin\Com.Tencent.AudioVideo\bin\audioengine32.dll"/>
        <File path="D:\\Plugin\Com.Tencent.AudioVideo\bin\AudioVideo.dll"/>
        <File path="D:\\Plugin\Com.Tencent.AudioVideo\bin\AVGSDK.dll"/>
        <File path="D:\\Plugin\Com.Tencent.AudioVideo\bin\AVSDK.dll"/>
        <File path="D:\\Plugin\Com.Tencent.AudioVideo\bin\DocShare.dll"/>
        <File path="D:\\Plugin\Com.Tencent.AudioVideo\bin\fm.dat"/>
        <File path="D:\\Plugin\Com.Tencent.AudioVideo\bin\GIPSVoiceEngineDLL.dll"/>
        <File path="D:\\Plugin\Com.Tencent.AudioVideo\bin\GIPSVoiceEngineDLL_MD.dll"/>
        <File path="D:\\Plugin\Com.Tencent.AudioVideo\bin\haar_face_1.dat"/>
        <File path="D:\\Plugin\Com.Tencent.AudioVideo\bin\IntelDec.dll"/>
        <File path="D:\\Plugin\Com.Tencent.AudioVideo\bin\IntelEnc.dll"/>
        <File path="D:\\Plugin\Com.Tencent.AudioVideo\bin\MediaEngine.dll"/>
        <File path="D:\\Plugin\Com.Tencent.AudioVideo\bin\Qpl.dll"/>
        <File path="D:\\Plugin\Com.Tencent.AudioVideo\bin\QQAudioHook.dll"/>
        <File path="D:\\Plugin\Com.Tencent.AudioVideo\bin\QQAudioHookService.dll"/>
        <File path="D:\\Plugin\Com.Tencent.AudioVideo\bin\QQExternal.exe"/>
        <File path="D:\\Plugin\Com.Tencent.AudioVideo\bin\RocketApi.dll"/>
        <File path="D:\\Plugin\Com.Tencent.AudioVideo\bin\TRAE.dll"/>
        <File path="D:\\Plugin\Com.Tencent.AudioVideo\bin\UDT.dll"/>
        <File path="D:\\Plugin\Com.Tencent.AudioVideo\bin\VCodec.dll"/>
        <File path="D:\\Plugin\Com.Tencent.AudioVideo\bin\VideoDevice.dll"/>
        <File path="D:\\Plugin\Com.Tencent.AudioVideo\bin\VP8.dll"/>
        <File path="D:\\Plugin\Com.Tencent.AudioVideo\bin\VQQ2.dll"/>
        <File path="D:\\Plugin\Com.Tencent.AudioVideo\bin\VqqAllInOne.dll"/>
        <File path="D:\\Plugin\Com.Tencent.AudioVideo\bin\VQQConv2.dll"/>
        <File path="D:\\Plugin\Com.Tencent.AudioVideo\bin\VQQGroup.dll"/>
        <File path="D:\\Plugin\Com.Tencent.AudioVideo\bin\VQQTrace2.dll"/>
        <File path="D:\\Plugin\Com.Tencent.AudioVideo\Bundle.rdb"/>
        <File path="D:\\Plugin\Com.Tencent.AudioVideo\Misc\GAudio_Call.wav"/>
        <File path="D:\\Plugin\Com.Tencent.AudioVideo\Misc\GAudio_Receive.wav"/>
        <File path="D:\\Plugin\Com.Tencent.AudioVideo\Misc\SoundTest.wav"/>
        <File path="D:\\Plugin\Com.Tencent.AudioVideo\Misc\VideoShow_Countdown.wav"/>
        <File path="D:\\Plugin\Com.Tencent.CRM\Bin\CRM.dll"/>
        <File path="D:\\Plugin\Com.Tencent.CRM\Bundle.rdb"/>
        <File path="D:\\Plugin\Com.Tencent.CRM\Misc\html_template\binfodlg_temp.htm"/>
        <File path="D:\\Plugin\Com.Tencent.CRM\Misc\html_template\binfotips_temp.htm"/>
        <File path="D:\\Plugin\Com.Tencent.CRM\Misc\html_template\img\a1_t.gif"/>
        <File path="D:\\Plugin\Com.Tencent.CRM\Misc\html_template\img\aio_def.jpg"/>
        <File path="D:\\Plugin\Com.Tencent.CRM\Misc\html_template\img\alert.gif"/>
        <File path="D:\\Plugin\Com.Tencent.CRM\Misc\html_template\img\badge_all_level.png"/>
        <File path="D:\\Plugin\Com.Tencent.CRM\Misc\html_template\img\ci_bg.gif"/>
        <File path="D:\\Plugin\Com.Tencent.CRM\Misc\html_template\img\ci_def.jpg"/>
        <File path="D:\\Plugin\Com.Tencent.CRM\Misc\html_template\img\ci_icon.gif"/>
        <File path="D:\\Plugin\Com.Tencent.CRM\Misc\html_template\img\ci_img_bg.gif"/>
        <File path="D:\\Plugin\Com.Tencent.CRM\Misc\html_template\img\ci_line.gif"/>
        <File path="D:\\Plugin\Com.Tencent.CRM\Misc\html_template\img\ci_nav.gif"/>
        <File path="D:\\Plugin\Com.Tencent.CRM\Misc\html_template\img\crm_logo.png"/>
        <File path="D:\\Plugin\Com.Tencent.CRM\Misc\html_template\img\error_info.png"/>
        <File path="D:\\Plugin\Com.Tencent.CRM\Misc\html_template\img\face_border.png"/>
        <File path="D:\\Plugin\Com.Tencent.CRM\Misc\html_template\img\icon_all.png"/>
        <File path="D:\\Plugin\Com.Tencent.CRM\Misc\html_template\img\ltc.png"/>
        <File path="D:\\Plugin\Com.Tencent.CRM\Misc\html_template\img\main.jpg"/>
        <File path="D:\\Plugin\Com.Tencent.CRM\Misc\html_template\img\ms_sidebar_tabs_c.png"/>
        <File path="D:\\Plugin\Com.Tencent.CRM\Misc\html_template\img\ms_sidebar_tabs_l.png"/>
        <File path="D:\\Plugin\Com.Tencent.CRM\Misc\html_template\img\ms_sidebar_tabs_r.png"/>
        <File path="D:\\Plugin\Com.Tencent.CRM\Misc\html_template\img\popup_bg.png"/>
        <File path="D:\\Plugin\Com.Tencent.CRM\Misc\html_template\img\popup_bg_all.png"/>
        <File path="D:\\Plugin\Com.Tencent.CRM\Misc\html_template\img\popup_bg_hover.png"/>
        <File path="D:\\Plugin\Com.Tencent.CRM\Misc\html_template\img\popup_bg_pressed.png"/>
        <File path="D:\\Plugin\Com.Tencent.CRM\Misc\html_template\img\side_icons.png"/>
        <File path="D:\\Plugin\Com.Tencent.CRM\Misc\html_template\img\tips_bg.gif"/>
        <File path="D:\\Plugin\Com.Tencent.CRM\Misc\html_template\img\tips_def.jpg"/>
        <File path="D:\\Plugin\Com.Tencent.CRM\Misc\html_template\img\zone_logo.png"/>
        <File path="D:\\Plugin\Com.Tencent.DingDong\Bin\approval.dll"/>
        <File path="D:\\Plugin\Com.Tencent.DingDong\Bin\DingDong.dll"/>
        <File path="D:\\Plugin\Com.Tencent.DingDong\Bundle.rdb"/>
        <File path="D:\\Plugin\Com.Tencent.FileCloud\Bin\FileCloud.dll"/>
        <File path="D:\\Plugin\Com.Tencent.FileCloud\Bin\libcrypto-1_1.dll"/>
        <File path="D:\\Plugin\Com.Tencent.FileCloud\Bin\libcurl.dll"/>
        <File path="D:\\Plugin\Com.Tencent.FileCloud\Bin\libssl-1_1.dll"/>
        <File path="D:\\Plugin\Com.Tencent.FileCloud\Bin\TimCloudSDK.dll"/>
        <File path="D:\\Plugin\Com.Tencent.FileCloud\Bin\xPlatformDoc.dll"/>
        <File path="D:\\Plugin\Com.Tencent.FileCloud\Bundle.rdb"/>
        <File path="D:\\Plugin\Com.Tencent.FileTransfer\Bin\FileTransfer.dll"/>
        <File path="D:\\Plugin\Com.Tencent.FileTransfer\Bundle.rdb"/>
        <File path="D:\\Plugin\Com.Tencent.Graffito\Bin\Graffito.dll"/>
        <File path="D:\\Plugin\Com.Tencent.Graffito\Bundle.rdb"/>
        <File path="D:\\Plugin\Com.Tencent.HRTX\Bin\HRTX.dll"/>
        <File path="D:\\Plugin\Com.Tencent.HRTX\Bundle.rdb"/>
        <File path="D:\\Plugin\Com.Tencent.HRTX\Misc\html_template\binfotips_temp.htm"/>
        <File path="D:\\Plugin\Com.Tencent.HRTX\Misc\html_template\client_aio.html"/>
        <File path="D:\\Plugin\Com.Tencent.IOT\Bin\AsyncSpeechEngine2.dll"/>
        <File path="D:\\Plugin\Com.Tencent.IOT\Bin\findprint_mdns.dll"/>
        <File path="D:\\Plugin\Com.Tencent.IOT\Bin\IOT.dll"/>
        <File path="D:\\Plugin\Com.Tencent.IOT\Bin\mp.dll"/>
        <File path="D:\\Plugin\Com.Tencent.IOT\Bin\MP4Mux.dll"/>
        <File path="D:\\Plugin\Com.Tencent.IOT\Bundle.rdb"/>
        <File path="D:\\Plugin\Com.Tencent.Mail\Bin\Mail.dll"/>
        <File path="D:\\Plugin\Com.Tencent.Mail\Bundle.rdb"/>
        <File path="D:\\Plugin\Com.Tencent.NetDisk\Bin\DiskLite.dll"/>
        <File path="D:\\Plugin\Com.Tencent.NetDisk\Bin\NetDisk.dll"/>
        <File path="D:\\Plugin\Com.Tencent.NetDisk\Bin\QQDisk\Bin\TXFTNActiveX.dll"/>
        <File path="D:\\Plugin\Com.Tencent.NetDisk\Bundle.rdb"/>
        <File path="D:\\Plugin\Com.Tencent.NetDisk\gf-config.xml"/>
        <File path="D:\\Plugin\Com.Tencent.PayCenter\Bin\PayCenter.dll"/>
        <File path="D:\\Plugin\Com.Tencent.PayCenter\Bundle.rdb"/>
        <File path="D:\\Plugin\Com.Tencent.QQMusic\Bin\QQMusic.dll"/>
        <File path="D:\\Plugin\Com.Tencent.QQMusic\Bundle.rdb"/>
        <File path="D:\\Plugin\Com.Tencent.QQRing\Bin\QQRing.dll"/>
        <File path="D:\\Plugin\Com.Tencent.QQRing\Bundle.rdb"/>
        <File path="D:\\Plugin\Com.Tencent.QQVip\Bin\QQVip.dll"/>
        <File path="D:\\Plugin\Com.Tencent.QQVip\Bundle.rdb"/>
        <File path="D:\\Plugin\Com.Tencent.QQVip\Misc\CustomFont\101\2010_Preview.gif"/>
        <File path="D:\\Plugin\Com.Tencent.QQVip\Misc\CustomFont\101\2010_Preview.png"/>
        <File path="D:\\Plugin\Com.Tencent.QQVip\Misc\CustomFont\101\CFConfig.xml"/>
        <File path="D:\\Plugin\Com.Tencent.QQVip\Misc\CustomFont\101\qie17a.png"/>
        <File path="D:\\Plugin\Com.Tencent.QQVip\Misc\CustomFont\101\qie17b.png"/>
        <File path="D:\\Plugin\Com.Tencent.QQVip\Misc\CustomFont\102\2014_preview.gif"/>
        <File path="D:\\Plugin\Com.Tencent.QQVip\Misc\CustomFont\102\2014_preview.png"/>
        <File path="D:\\Plugin\Com.Tencent.QQVip\Misc\CustomFont\102\CFConfig.xml"/>
        <File path="D:\\Plugin\Com.Tencent.QQVip\Misc\CustomFont\103\01.png"/>
        <File path="D:\\Plugin\Com.Tencent.QQVip\Misc\CustomFont\103\02.png"/>
        <File path="D:\\Plugin\Com.Tencent.QQVip\Misc\CustomFont\103\03.png"/>
        <File path="D:\\Plugin\Com.Tencent.QQVip\Misc\CustomFont\103\04.png"/>
        <File path="D:\\Plugin\Com.Tencent.QQVip\Misc\CustomFont\103\05.png"/>
        <File path="D:\\Plugin\Com.Tencent.QQVip\Misc\CustomFont\103\2013_preview.gif"/>
        <File path="D:\\Plugin\Com.Tencent.QQVip\Misc\CustomFont\103\2013_preview.png"/>
        <File path="D:\\Plugin\Com.Tencent.QQVip\Misc\CustomFont\103\CFConfig.xml"/>
        <File path="D:\\Plugin\Com.Tencent.QQVip\Misc\CustomFont\104\2005_Preview.gif"/>
        <File path="D:\\Plugin\Com.Tencent.QQVip\Misc\CustomFont\104\2005_Preview.png"/>
        <File path="D:\\Plugin\Com.Tencent.QQVip\Misc\CustomFont\104\CFConfig.xml"/>
        <File path="D:\\Plugin\Com.Tencent.QQVip\Misc\CustomFont\104\xiaoxiong17a.png"/>
        <File path="D:\\Plugin\Com.Tencent.QQVip\Misc\CustomFont\104\xiaoxiong17b.png"/>
        <File path="D:\\Plugin\Com.Tencent.QQVip\Misc\CustomFont\104\xiaoxiong17c.png"/>
        <File path="D:\\Plugin\Com.Tencent.QQVip\Misc\CustomFont\RecommendList.xml"/>
        <File path="D:\\Plugin\Com.Tencent.QQVip\Misc\supervip\AppearAni_SuperVip.swf"/>
        <File path="D:\\Plugin\Com.Tencent.Qzone\Bin\FlashPlayer.exe"/>
        <File path="D:\\Plugin\Com.Tencent.Qzone\Bin\Qzone.dll"/>
        <File path="D:\\Plugin\Com.Tencent.Qzone\Bundle.rdb"/>
        <File path="D:\\Plugin\Com.Tencent.Qzone\FlashPlayer\common.xml.txd"/>
        <File path="D:\\Plugin\Com.Tencent.Qzone\FlashPlayer\FlashPlayer.tpc"/>
        <File path="D:\\Plugin\Com.Tencent.Qzone\FlashPlayer\gf-config.xml.txd"/>
        <File path="D:\\Plugin\Com.Tencent.Qzone\FlashPlayer\I18N\2052\GFStringBundle.xml"/>
        <File path="D:\\Plugin\Com.Tencent.Qzone\FlashPlayer\I18N\2052\StringBundle.xml"/>
        <File path="D:\\Plugin\Com.Tencent.Qzone\FlashPlayer\I18N\config.xml"/>
        <File path="D:\\Plugin\Com.Tencent.Qzone\FlashPlayer\I18N\StringState.xml"/>
        <File path="D:\\Plugin\Com.Tencent.Qzone\FlashPlayer\Res.rdb"/>
        <File path="D:\\Plugin\Com.Tencent.Qzone\FlashPlayer\Xtml.rdb"/>
        <File path="D:\\Plugin\Com.Tencent.Qzone\Misc\lover_sendmsg.swf"/>
        <File path="D:\\Plugin\Com.Tencent.Qzone\Misc\qzonepackage\blog"/>
        <File path="D:\\Plugin\Com.Tencent.Qzone\Misc\qzonepackage\common"/>
        <File path="D:\\Plugin\Com.Tencent.Qzone\Misc\qzonepackage\notepad"/>
        <File path="D:\\Plugin\Com.Tencent.Qzone\Misc\qzonepackage\photo"/>
        <File path="D:\\Plugin\Com.Tencent.RemoteControl\Bin\Base.dll"/>
        <File path="D:\\Plugin\Com.Tencent.RemoteControl\Bin\Capture.dll"/>
        <File path="D:\\Plugin\Com.Tencent.RemoteControl\Bin\CaptureHelper.dll"/>
        <File path="D:\\Plugin\Com.Tencent.RemoteControl\Bin\Media.dll"/>
        <File path="D:\\Plugin\Com.Tencent.RemoteControl\Bin\Net.dll"/>
        <File path="D:\\Plugin\Com.Tencent.RemoteControl\Bin\RemoteControl.dll"/>
        <File path="D:\\Plugin\Com.Tencent.RemoteControl\Bin\RemoteProxy.dll"/>
        <File path="D:\\Plugin\Com.Tencent.RemoteControl\Bin\Remoting.dll"/>
        <File path="D:\\Plugin\Com.Tencent.RemoteControl\Bundle.rdb"/>
        <File path="D:\\Plugin\Com.Tencent.RemoteHelp\Bin\RemoteHelp.dll"/>
        <File path="D:\\Plugin\Com.Tencent.RemoteHelp\Bin\RHCommV.dll"/>
        <File path="D:\\Plugin\Com.Tencent.RemoteHelp\Bundle.rdb"/>
        <File path="D:\\Plugin\Com.Tencent.RemoteHelp\Misc\desktop_view.cur"/>
        <File path="D:\\Plugin\Com.Tencent.SNSApp\Bin\SNSApp.dll"/>
        <File path="D:\\Plugin\Com.Tencent.SNSApp\Bundle.rdb"/>
        <File path="D:\\Plugin\Com.Tencent.Soso\Bin\Soso.dll"/>
        <File path="D:\\Plugin\Com.Tencent.Soso\Bundle.rdb"/>
        <File path="D:\\Plugin\Com.Tencent.Soso\Misc\HotWord\hwdata"/>
        <File path="D:\\Plugin\Com.Tencent.VAS\bin\TRCloudInputLib.dll"/>
        <File path="D:\\Plugin\Com.Tencent.VAS\bin\VAS.dll"/>
        <File path="D:\\Plugin\Com.Tencent.VAS\Bundle.rdb"/>
        <File path="D:\\Plugin\Com.Tencent.Winks\bin\Winks.dll"/>
        <File path="D:\\Plugin\Com.Tencent.Winks\Bundle.rdb"/>
        <File path="D:\\Plugin\Com.Tencent.Wireless\Bin\litetransfer.dll"/>
        <File path="D:\\Plugin\Com.Tencent.Wireless\Bin\Wireless.dll"/>
        <File path="D:\\Plugin\Com.Tencent.Wireless\Bundle.rdb"/>
        <File path="D:\\Plugin\pluginList.db"/>
        <File path="D:\\Plugin\pluginlist.tpc.txd"/>
        <File path="D:\\Resource.3.0.0.21315\Data.rdb"/>
        <File path="D:\\Resource.3.0.0.21315\Res.rdb"/>
        <File path="D:\\Resource.3.0.0.21315\Themes\Default.rdb"/>
        <File path="D:\\Resource.3.0.0.21315\Xtml.rdb"/>
        <File path="D:\\ShellExt\QQShellExt.dll"/>
        <File path="D:\\ShellExt\QQShellExt64.dll"/>
        <File path="D:\\TIMLicense.rtf"/>
        <File path="D:\\Timsh.tpc"/>
        <File path="D:\\TIMUninst.exe"/>
        <File path="D:\\TIMUninst.ico"/>
        <File path="D:\\Timwp.xml.txd"/>
        <File path="D:\\Timwp_gf.tpc"/>
        <File path="D:\\txupd.exe"/>
        <File path="D:\Bin\SetupEx\QQSetupEx.exe"/>
        <File path="D:\Bin\SetupEx\dlcore.dll"/>
        <File path="D:\Bin\QQPCDetector.dll"/>
        <File path="D:\Bin\QQPCDetectorEx.dll"/>
        <Dir path="D:\Bin\SetupEx"/>
        <Dir path="D:\Bin"/>
        <File path="D:\Bin\dlcore.dll"/>
        <File path="C:\ProgramData\Microsoft\Windows\Start Menu\Programs\腾讯软件\TIM\TIM.lnk"/>
        <File path="C:\ProgramData\Microsoft\Windows\Start Menu\Programs\腾讯软件\TIM\卸载TIM.lnk"/>
        <Dir path="C:\ProgramData\Microsoft\Windows\Start Menu\Programs\腾讯软件\TIM"/>
        <Dir path="C:\ProgramData\Microsoft\Windows\Start Menu\Programs\腾讯软件"/>
    </Files>
    <Registry>
        <!-- QQLite 2.修改注册表路径 -->
        <Key rootkey="HKLM" subkey="SOFTWARE\Tencent\TIM">
            <Value name="Install" type="Str" data="$intallpath$"/>
            <Value name="version" type="Str" data="$setupversion$"/>
            <Value name="rversion" type="Str" data="$reportversion$"/>
            <Value name="HummerSetup2012" type="DWord" data="1"/>
            <Value name="SPContext_S" type="DWord" data="0"/>
            <Value name="nShortcutDesktop" type="DWord" data="00000001"/>
            <Value name="nShortcutQuickLaunch" type="DWord" data="00000000"/>
            <Value name="nStartRunExe" type="DWord" data="00000000"/>
        </Key>
        <!--
	<Key rootkey="HKLM" subkey="SOFTWARE\Classes\.kipx">
		<Value name="@" type="Str" data="KIPX.File" />
	</Key>
	<Key rootkey="HKLM" subkey="SOFTWARE\Classes\KIPX.File">
		<Value name="@" type="Str" data="KIPX.File" />
	</Key>
	<Key rootkey="HKLM" subkey="SOFTWARE\Classes\KIPX.File\DefaultIcon">
		<Value name="@" type="Str" data="$intallpath$\Bin\Timwp.exe,-150" />
	</Key>
	<Key rootkey="HKLM" subkey="SOFTWARE\Classes\KIPX.File\shell\open\command">
		<Value name="@" type="Str" data="$intallpath$\Bin\Timwp.exe &quot;%1&quot;" />
	</Key>
	<Key rootkey="HKLM" subkey="SOFTWARE\Classes\.eip">
		<Value name="@" type="Str" data="EMOTION.Package" />
	</Key>
	<Key rootkey="HKLM" subkey="SOFTWARE\Classes\EMOTION.Package">
		<Value name="@" type="Str" data="EMOTION Package" />
	</Key>
	<Key rootkey="HKLM" subkey="SOFTWARE\Classes\EMOTION.Package\DefaultIcon">
		<Value name="@" type="Str" data="$intallpath$\Bin\Timwp.exe,-135" />
	</Key>
	<Key rootkey="HKLM" subkey="SOFTWARE\Classes\EMOTION.Package\shell\open\command">
		<Value name="@" type="Str" data="$intallpath$\Bin\Timwp.exe &quot;%1&quot;" />
	</Key>
	<Key rootkey="HKLM" subkey="SOFTWARE\Classes\.eif">
		<Value name="@" type="Str" data="EMOTION.File" />
	</Key>
	<Key rootkey="HKLM" subkey="SOFTWARE\Classes\EMOTION.File">
		<Value name="@" type="Str" data="EMOTION File" />
	</Key>
	<Key rootkey="HKLM" subkey="SOFTWARE\Classes\EMOTION.File\DefaultIcon">
		<Value name="@" type="Str" data="$intallpath$\Bin\Timwp.exe,-149" />
	</Key>
	<Key rootkey="HKLM" subkey="SOFTWARE\Classes\EMOTION.File\shell\open\command">
		<Value name="@" type="Str" data="$intallpath$\Bin\Timwp.exe &quot;%1&quot;" />
	</Key>
	<Key rootkey="HKLM" subkey="SOFTWARE\Classes\QQPet">
		<Value name="URL Protocol" type="Str" data="$intallpath$\Plugin\com.tencent.qqpet\bin\QQPet\QQPetURLLink.exe" />
	</Key>
	<Key rootkey="HKLM" subkey="SOFTWARE\Classes\QQPet\shell\open\command">
		<Value name="@" type="Str" data="&quot;$intallpath$\Plugin\com.tencent.qqpet\bin\QQPet\QQPetURLLink.exe&quot; &quot;%1&quot;" />
	</Key>
	<Key rootkey="HKLM" subkey="SOFTWARE\Microsoft\Internet Explorer\ProtocolExecute\qqpet">
		<Value name="WarnOnOpen" type="DWord" data="00000000" />
	</Key>
	<Key rootkey="HKLM" subkey="SOFTWARE\Microsoft\Internet Explorer\Low Rights\ElevationPolicy\{1FA39976-7194-44E8-8DD9-A9781D289934}">
		<Value name="AppPath" type="Str" data="$intallpath$\Plugin\Com.Tencent.QQPet\bin\QQPet" />
		<Value name="AppName" type="Str" data="QQPetURLLink.exe" />
		<Value name="Policy" type="DWord" data="00000003" />
	</Key>
	<Key rootkey="HKLM" subkey="SOFTWARE\Classes\Tencent">
		<Value name="@" type="Str" data="TencentProtocol" />
		<Value name="URL Protocol" type="Str" data="$intallpath$\Bin\Timwp.exe" />
	</Key>
	<Key rootkey="HKLM" subkey="SOFTWARE\Classes\Tencent\DefaultIcon">
		<Value name="@" type="Str" data="$intallpath$\Bin\Timwp.exe,1" />
	</Key>
	<Key rootkey="HKLM" subkey="SOFTWARE\Classes\Tencent\shell\open\command">
		<Value name="@" type="Str" data="$intallpath$\Bin\Timwp.exe &quot;%1&quot;" />
	</Key>
	<Key rootkey="HKLM" subkey="SOFTWARE\Microsoft\Internet Explorer\ProtocolExecute\Tencent">
		<Value name="WarnOnOpen" type="DWord" data="00000000" />
	</Key>
	<Key rootkey="HKLM" subkey="SOFTWARE\Microsoft\Windows\CurrentVersion\Uninstall\{052CFB79-9D62-42E3-8A15-DE66C2C97C3E}">
		<Value name="EstimatedSize" type="DWord" data="$estimatedsize$" />
	</Key>
	<Key rootkey="HKLM" subkey="SOFTWARE\Tencent\PlatForm_Type_List\3">
		<Value name="TypeName" type="Str" data="QQ2013" />
		<Value name="TypePath" type="Str" data="$intallpath$" />
	</Key>
    -->
        <!--支持tencent协议-->
        <Key rootkey="HKLM" subkey="SOFTWARE\Classes\Tencent">
            <Value name="@" type="Str" data="TencentProtocol"/>
            <Value name="URL Protocol" type="Str" data="$intallpath$\Bin\Timwp.exe"/>
        </Key>
        <Key rootkey="HKLM" subkey="SOFTWARE\Classes\Tencent\DefaultIcon">
            <Value name="@" type="Str" data="$intallpath$\Bin\Timwp.exe,1"/>
        </Key>
        <Key rootkey="HKLM" subkey="SOFTWARE\Classes\Tencent\shell\open\command">
            <Value name="@" type="Str" data="$intallpath$\Bin\Timwp.exe &quot;%1&quot;"/>
        </Key>
        <Key rootkey="HKLM" subkey="SOFTWARE\Microsoft\Internet Explorer\ProtocolExecute\Tencent">
            <Value name="WarnOnOpen" type="DWord" data="00000000"/>
        </Key>
        <!--支持tim协议，具体询问georgewang-->
        <Key rootkey="HKLM" subkey="SOFTWARE\Classes\Tim">
            <Value name="@" type="Str" data="TIMProtocol"/>
            <Value name="URL Protocol" type="Str" data="$intallpath$\Bin\Timwp.exe"/>
        </Key>
        <Key rootkey="HKLM" subkey="SOFTWARE\Classes\Tim\DefaultIcon">
            <Value name="@" type="Str" data="$intallpath$\Bin\Timwp.exe,1"/>
        </Key>
        <Key rootkey="HKLM" subkey="SOFTWARE\Classes\Tim\shell\open\command">
            <Value name="@" type="Str" data="$intallpath$\Bin\Timwp.exe &quot;%1&quot;"/>
        </Key>
        <Key rootkey="HKLM" subkey="SOFTWARE\Microsoft\Internet Explorer\ProtocolExecute\Tim">
            <Value name="WarnOnOpen" type="DWord" data="00000000"/>
        </Key>
        <Key rootkey="HKCU" subkey="SOFTWARE\Tencent\QQ2009">
            <Value name="SPContext_P" type="Str" data=""/>
            <Value name="SPContext_F" type="DWord" data=""/>
        </Key>
        <Key rootkey="HKLM" subkey="SOFTWARE\Microsoft\Windows\CurrentVersion\Uninstall\TIM">
            <!--Value name="DisplayName" type="Str" data="腾讯QQ轻聊版" /-->
            <Value name="DisplayName" type="Str" data="TIM"/>
            <Value name="DisplayIcon" type="Str" data="$intallpath$\TIMUninst.ico"/>
            <Value name="UninstallString" type="Str" data="$intallpath$\TIMUninst.exe"/>
            <Value name="InstallLocation" type="Str" data="$intallpath$"/>
            <Value name="EstimatedSize" type="DWord" data="$estimatedsize$"/>
            <Value name="DisplayVersion" type="Str" data="$buildversion$"/>
            <Value name="Publisher" type="Str" data="腾讯科技(深圳)有限公司"/>
            <Value name="HelpLink" type="Str" data=""/>
            <Value name="HelpTelephone" type="Str" data="(86) 755 86060836"/>
            <Value name="HelpLink" type="Str" data="http://www.tencent.com"/>
            <Value name="URLInfoAbout" type="Str" data="http://www.tencent.com"/>
        </Key>
        <Key rootkey="HKCU" subkey="SOFTWARE\Microsoft\Windows\CurrentVersion\Ext\Stats\{ED4CA2E5-0EEA-44C1-AD7E-74A07A7507A4}\iexplore\AllowedDomains\*"/>
        <Key rootkey="HKLM" subkey="SOFTWARE\Microsoft\Windows\CurrentVersion\Ext\PreApproved\{ED4CA2E5-0EEA-44C1-AD7E-74A07A7507A4}"/>
        <Key rootkey="HKCU" subkey="SOFTWARE\Microsoft\Windows\CurrentVersion\Ext\Stats\{98F22D0A-B97F-4AF4-8E4C-A6596C8CDD4C}\iexplore\AllowedDomains\*"/>
        <Key rootkey="HKLM" subkey="SOFTWARE\Microsoft\Windows\CurrentVersion\Ext\PreApproved\{98F22D0A-B97F-4AF4-8E4C-A6596C8CDD4C}"/>
    </Registry>
    <Regsvr>
        <Moudle type="EXE" path="$installpath$\QQProtect\Bin\QQProtect.exe" install_arg="/fp enable /irqpcore" uninstall_arg="/fp disable /utqpcore"/>
        <Moudle type="EXE" path="$intallpath$\Bin\TXPlatform.exe" install_arg="/RegServer" uninstall_arg="/UnregServer"/>
        <Moudle type="DLL" path="$intallpath$\Bin\AppCom.dll"/>
        <!-- QQLite <Moudle type="DLL" path="$intallpath$\Bin\Common.dll" />-->
        <Moudle type="DLL" path="$intallpath$\Bin\KernelUtil.dll"/>
        <Moudle type="DLL" path="$intallpath$\Bin\TXPFProxy.dll"/>
        <Moudle type="DLL" path="$intallpath$\Bin\CPHelper.dll"/>
        <Moudle type="DLL" path="$intallpath$\Bin\Timwp.dll"/>
        <Moudle type="DLL" path="$common$\Tencent\Npchrome\npactivex.dll"/>
        <Moudle type="DLL" path="$common$\Tencent\TXFTN\TXFTNActiveX1.17.dll"/>
        <Moudle type="EXE" path="$intallpath$\Bin\QQUrlMgr.exe" install_arg="/RegServer" uninstall_arg="/UnregServer"/>
    </Regsvr>
</Uninstall>
